"test1@example.com","test01","Jimmy Schroeder",21032438,"https://randomuser.me/api/portraits/men/1.jpg",FALSE
"test2@example.com","test02","Hayley Stewart",29470283,"https://randomuser.me/api/portraits/men/2.jpg",FALSE
"test3@example.com","test03","Ernest Buchanan",94730272,"https://randomuser.me/api/portraits/men/3.jpg",FALSE
"test4@example.com","test04","Oliver Lewis",38384610,"https://randomuser.me/api/portraits/men/4.jpg",FALSE
"test5@example.com","test05","Miriam Moss",01363932,"https://randomuser.me/api/portraits/men/5.jpg",FALSE
"test6@example.com","test06","Conner Dean",12312567,"https://randomuser.me/api/portraits/men/6.jpg",FALSE
"test7@example.com","test07","Kristina Flynn",29380492,"https://randomuser.me/api/portraits/men/7.jpg",FALSE
"test8@example.com","test08","Bria Vargas",39472937,"https://randomuser.me/api/portraits/men/8.jpg",FALSE
"test9@example.com","test09","Levi Gill",20371038,"https://randomuser.me/api/portraits/men/9.jpg",FALSE
"test10@example.com","test10","Laura Alvarado",20217392,"https://randomuser.me/api/portraits/men/10.jpg",FALSE
"test11@example.com","test11","Mikayla Warner",39347291,"https://randomuser.me/api/portraits/men/11.jpg",FALSE
"test12@example.com","test12","Julian Malone",42353245,"https://randomuser.me/api/portraits/men/12.jpg",FALSE
"test13@example.com","test13","Alonzo Morris",23453245,"https://randomuser.me/api/portraits/men/13.jpg",FALSE
"test14@example.com","test14","Dale Stephens",23464546,"https://randomuser.me/api/portraits/men/14.jpg",FALSE
"test15@example.com","test15","Irene Guerrero",69798688,"https://randomuser.me/api/portraits/men/15.jpg",FALSE
"test16@example.com","test16","Michele Gill",67896788,"https://randomuser.me/api/portraits/men/16.jpg",FALSE
"test17@example.com","test17","Russell Hanson",46647467,"https://randomuser.me/api/portraits/men/17.jpg",FALSE
"test18@example.com","test18","Leticia Walsh",45685633,"https://randomuser.me/api/portraits/men/18.jpg",FALSE
"test19@example.com","test19","Peter Morales",37562572,"https://randomuser.me/api/portraits/men/19.jpg",FALSE
"test20@example.com","test20","Devin Lane",67567363,"https://randomuser.me/api/portraits/men/20.jpg",FALSE
"admin1@example.com","admin01","Admin Dave",12345678,"https://randomuser.me/api/portraits/men/21.jpg",TRUE
"admin2@example.com","admin02","Admin Charley",23456789,"https://randomuser.me/api/portraits/men/22.jpg",TRUE
